filename,min_lat,max_lat,min_lon,max_lon,year,month,day
non_flood_WM3_S1A_IW_GRDH_1SDV_20170912T001004_20170912T001029_018335_01EDA6_2AA9.tif,28.725974357706203,30.64423681541503,-93.3309421543135,-90.40459028476575,2017,9,12
non_flood_WM4_S1A_IW_GRDH_1SDV_20170924T001005_20170924T001030_018510_01F303_F9CE.tif,28.725968820670158,30.644141446850572,-93.33052248255979,-90.40408078148361,2017,9,24
